slug,state_name,state_code,state_slug,avg_premium,top_insurer,avg_claim,title,subtitle,excerpt,metaTitle,metaDescription,metaKeywords,status,isPublished,showAds
business-insurance/california,California,CA,california,$1800/year,Hiscox,$15000,Business Insurance in California (2024 Guide),Protect your CA business,California businesses pay an average of $1800/year. Workers comp required with employees.,Business Insurance California | Compare Business Rates (2024),Find affordable business insurance in California. Average $1800/year. Workers comp required. Compare quotes today.,"business insurance california,california business insurance,commercial insurance ca",PUBLISHED,true,true
business-insurance/california/los-angeles,California,CA,california,$2100/year,Hiscox,$17500,Business Insurance in Los Angeles CA (2024),LA business insurance options,Los Angeles businesses pay higher premiums. Average $2100/year.,Business Insurance Los Angeles CA | Compare LA Rates,Find business insurance in Los Angeles. Average $2100/year. Higher due to litigation risk. Compare quotes today.,"business insurance los angeles,LA business insurance,los angeles commercial insurance",PUBLISHED,true,true
business-insurance/california/san-francisco,California,CA,california,$2400/year,Hiscox,$19500,Business Insurance in San Francisco CA (2024),SF business insurance,San Francisco has highest business premiums. Average $2400/year.,Business Insurance San Francisco CA | Compare SF Rates,Find business insurance in San Francisco. Average $2400/year. Tech industry focus. Compare quotes today.,"business insurance san francisco,SF business insurance,san francisco commercial insurance",PUBLISHED,true,true
business-insurance/new-york,New York,NY,new-york,$2200/year,The Hartford,$18000,Business Insurance in New York (2024 Guide),NY business coverage options,New York businesses pay an average of $2200/year. Higher due to litigation.,Business Insurance New York | Compare Business Rates (2024),Find affordable business insurance in New York. Average $2200/year. Higher litigation risk. Compare quotes today.,"business insurance new york,new york business insurance,commercial insurance ny",PUBLISHED,true,true
business-insurance/new-york/nyc,New York,NY,new-york,$2800/year,The Hartford,$22000,Business Insurance in New York City (2024),NYC business insurance,NYC has highest business insurance rates. Average $2800/year.,Business Insurance New York City | Compare NYC Rates,Find business insurance in NYC. Average $2800/year. Financial district premiums. Compare quotes today.,"business insurance nyc,nyc business insurance,new york city commercial insurance",PUBLISHED,true,true
business-insurance/texas,Texas,TX,texas,$1500/year,Travelers,$14000,Business Insurance in Texas (2024 Guide),Texas business coverage options,Texas has competitive business insurance rates. Average $1500/year.,Business Insurance Texas | Compare Business Rates (2024),Find affordable business insurance in Texas. Average $1500/year. Business-friendly state. Compare quotes today.,"business insurance texas,texas business insurance,commercial insurance tx",PUBLISHED,true,true
business-insurance/texas/houston,Texas,TX,texas,$1650/year,Travelers,$15500,Business Insurance in Houston TX (2024),Houston business insurance,Houston has strong business insurance market. Average $1650/year.,Business Insurance Houston TX | Compare Houston Rates,Find business insurance in Houston. Average $1650/year. Energy sector focus. Compare quotes today.,"business insurance houston,houston business insurance",PUBLISHED,true,true
business-insurance/texas/dallas,Texas,TX,texas,$1600/year,Travelers,$15000,Business Insurance in Dallas TX (2024),Dallas business insurance,Dallas has competitive rates. Average $1600/year.,Business Insurance Dallas TX | Compare Dallas Rates,Find business insurance in Dallas. Average $1600/year. Diverse industry coverage. Compare quotes today.,"business insurance dallas,dallas business insurance",PUBLISHED,true,true
business-insurance/florida,Florida,FL,florida,$2000/year,CNA,$16500,Business Insurance in Florida (2024 Guide),Florida business coverage options,Florida businesses pay an average of $2000/year. Hurricane considerations.,Business Insurance Florida | Compare Business Rates (2024),Find affordable business insurance in Florida. Average $2000/year. Hurricane risk factors. Compare quotes today.,"business insurance florida,florida business insurance,commercial insurance fl",PUBLISHED,true,true
business-insurance/florida/miami,Florida,FL,florida,$2300/year,CNA,$18500,Business Insurance in Miami FL (2024),Miami business insurance,Miami businesses pay higher premiums. Average $2300/year.,Business Insurance Miami FL | Compare Miami Rates,Find business insurance in Miami. Average $2300/year. International business hub. Compare quotes today.,"business insurance miami,miami business insurance",PUBLISHED,true,true
