slug,title,subtitle,excerpt,hero_title,hero_subtitle,hero_cta_text,meta_title,meta_description,meta_keywords,schema_markup_json,state,state_code,city,geo_level,zip_codes,population,avg_premium,min_premium,max_premium,avg_premium_national,premium_vs_national,min_coverage,full_coverage_avg,uninsured_rate,accident_rate,theft_rate,traffic_rank,avg_commute_time,intro_paragraph,requirements_paragraph,faq_q1,faq_a1,faq_q2,faq_a2,faq_q3,faq_a3,faq_q4,faq_a4,tip_1_title,tip_1_desc,tip_2_title,tip_2_desc,tip_3_title,tip_3_desc,tip_4_title,tip_4_desc,tip_5_title,tip_5_desc,top_insurer_1_name,top_insurer_1_rate,top_insurer_1_best_for,top_insurer_2_name,top_insurer_2_rate,top_insurer_2_best_for,top_insurer_3_name,top_insurer_3_rate,top_insurer_3_best_for,discount_1_name,discount_1_savings,discount_2_name,discount_2_savings,discount_3_name,discount_3_savings,discount_4_name,discount_4_savings,discount_5_name,discount_5_savings,internal_link_1_url,internal_link_1_anchor,internal_link_2_url,internal_link_2_anchor,is_published,status,published_at,show_ads
"car-insurance/california/los-angeles","Cheapest Car Insurance in Los Angeles, California | Compare & Save $500+","Compare affordable auto insurance rates in LA from 50+ top providers. Average savings of $487/year. Get your free quote in 2 minutes!","Find the best car insurance rates in Los Angeles. Compare quotes from top providers. Average savings $487/year. Free comparison tool.","Cheapest Car Insurance in Los Angeles","Compare rates from 50+ insurance providers and save up to $500/year on your auto insurance","Get Free Quotes","Cheapest Car Insurance in Los Angeles, CA (2024) | Save $500+","Find the cheapest car insurance in Los Angeles, CA. Compare quotes from top providers. Average rates from $1,200/year. Get your free quote today!","cheap car insurance los angeles, affordable auto insurance california, lowest car insurance rates LA, best car insurance deals, compare car insurance quotes LA","{
  ""@context"": ""https://schema.org"",
  ""@type"": ""InsuranceAgency"",
  ""name"": ""My Insurance Buddies - Los Angeles Car Insurance"",
  ""description"": ""Compare cheap car insurance quotes in Los Angeles"",
  ""url"": ""https://myinsurancebuddies.com/car-insurance/california/los-angeles"",
  ""areaServed"": {
    ""@type"": ""City"",
    ""name"": ""Los Angeles"",
    ""containedInPlace"": {""@type"": ""State"", ""name"": ""California""}
  },
  ""aggregateRating"": {""@type"": ""AggregateRating"", ""ratingValue"": ""4.8"", ""reviewCount"": ""12500""}
}","California","CA","Los Angeles","CITY","90001,90002,90003,90004,90005,90006,90007,90008,90010,90011,90012,90013,90014,90015,90016,90017,90018,90019,90020,90021,90022,90023,90024,90025,90026,90027,90028,90029,90031,90032,90033,90034,90035,90036,90037,90038,90039,90041,90042,90043,90044,90045,90046,90047,90048,90049,90056,90057,90058,90059,90061,90062,90063,90064,90065,90066,90067,90068,90069,90077,90094,90230","3898747","$1847/year","$892/year","$3200/year","$1565/year","18% above","15/30/5","$2400/year","15%","12.3 per 100k","425","#1 Worst in US","31 minutes","Looking for cheapest car insurance in Los Angeles? You're in the right place. California's unique driving conditions - from heavy traffic on the 405 to coastal fog in the mornings - make finding affordable coverage essential. The average LA driver pays around $1,847 annually for car insurance, but with the right approach, you can find much cheaper options. Whether you're commuting from the Valley or driving downtown, understanding Los Angeles insurance landscape is key to finding the best deals. Our comparison tool lets you see rates from 50+ providers side by side.","California requires all drivers to carry minimum liability coverage of 15/30/5. This means $15,000 for bodily injury or death to one person, $30,000 for injury/death to multiple people, and $5,000 for property damage. California is a fault state, meaning the at-fault driver's insurance pays for damages. While these minimums meet legal requirements, they may not provide adequate protection for LA's high accident rates. Consider raising your liability limits to 25/50/15 or higher.","How do I find the cheapest car insurance in Los Angeles?","To find the cheapest car insurance in Los Angeles, start by comparing quotes from at least 5-7 different insurance companies. Use our free comparison tool to see rates from 50+ providers side by side. Consider raising your deductible to $1,000 to lower your premiums by 10-20%. Ask about all available discounts including safe driver, good student, and multi-policy bundles. Maintaining a clean driving record can save you 20-40%. Finally, review your coverage annually and shop around every 6-12 months.","What is the average car insurance cost in Los Angeles?","The average car insurance cost in Los Angeles is approximately $1,847 per year for full coverage. This breaks down to about $154 per month. However, rates vary significantly based on your driving record, age, vehicle type, and location within LA. Minimum liability coverage can be found for as low as $892/year ($74/month). Premiums in LA are about 18% higher than the national average of $1,565/year due to dense traffic, higher accident rates, and increased vehicle theft.","Is minimum coverage enough in Los Angeles?","While California's minimum coverage of 15/30/5 meets legal requirements, it is often not enough in Los Angeles. Given LA's high accident rates, expensive vehicles, and costly medical care, a serious accident could easily exceed these limits. If you cause an accident with damages exceeding your coverage, you are personally responsible for the difference. Most insurance experts recommend at least 25/50/25 or 100/300/100 coverage limits for adequate protection in urban areas like Los Angeles.","How can I lower my car insurance premiums in LA?","There are many ways to lower your car insurance premiums in Los Angeles: 1) Compare quotes from multiple providers annually, 2) Raise your deductible to $1,000 or higher, 3) Bundle auto with home or renters insurance for 10-25% savings, 4) Maintain a clean driving record - accidents can increase rates 30-50%, 5) Take a defensive driving course for 5-15% discount, 6) Ask about low-mileage discounts if you drive under 7,500 miles/year, 7) Install anti-theft devices, 8) Pay your premium annually instead of monthly, 9) Improve your credit score, 10) Ask about all available discounts.","Compare Quotes from Multiple Companies","Get quotes from at least 5-7 different insurance companies to find the cheapest rates. Rates can vary by hundreds of dollars for the same coverage. Use our comparison tool to see rates from 50+ providers side by side. Don't just look at price - compare coverage limits and deductibles too.","Ask About All Available Discounts","Insurance companies offer dozens of discounts that many drivers don't know about. Ask specifically about: safe driver, good student, multi-policy, low mileage, anti-theft, defensive driving, and occupational discounts. You could save 20-30% just by asking. California's Good Driver discount is 20% mandatory for qualifying drivers.","Raise Your Deductible to $1,000","Increasing your deductible from $500 to $1,000 can lower your premiums by 10-20%. Just make sure you have $1,000 saved for emergencies. This is one of the fastest ways to reduce your monthly insurance costs. Calculate your break-even point to ensure the savings outweigh the risk.","Bundle Auto with Home or Renters Insurance","Combine your auto insurance with home, renters, or condo insurance for a multi-policy discount of 10-25%. This is one of the biggest discounts available and also simplifies your insurance management. Some insurers offer additional perks for bundling like single deductibles.","Maintain a Clean Driving Record","Accidents and traffic violations can increase your rates by 30-50% for 3-5 years. Drive defensively, follow traffic laws, and consider a defensive driving course. A clean record qualifies you for the California Good Driver 20% discount. Even one speeding ticket can cost you hundreds per year.","State Farm","$1650/year","Drivers who want personal service and local agent support","GEICO","$1520/year","Tech-savvy drivers seeking lowest rates and online convenience","Progressive","$1780/year","High-risk drivers or those with accidents on record","Multi-Policy Bundle","10-25%","Safe Driver Discount","10-20%","California Good Driver Discount","20%","Good Student Discount","8-15%","Low Mileage Discount","5-15%","/car-insurance/california","California Car Insurance Guide","/car-insurance","Compare All States",true,PUBLISHED,2024-01-15T10:00:00Z,true
"car-insurance/california/san-diego","Cheapest Car Insurance in San Diego, California | Compare & Save $450+","Compare affordable auto insurance rates in San Diego from 50+ top providers. Average savings of $420/year. Get your free quote now!","Find the best car insurance rates in San Diego. Compare quotes from top providers. Average savings $420/year. Free comparison tool.","Cheapest Car Insurance in San Diego","Compare rates from 50+ insurance providers and save up to $450/year on your auto insurance","Get Free Quotes","Cheapest Car Insurance in San Diego, CA (2024) | Save $450+","Find the cheapest car insurance in San Diego, CA. Compare quotes from top providers. Average rates from $1,350/year. Get your free quote today!","cheap car insurance san diego, affordable auto insurance california, lowest car insurance rates SD, best car insurance deals","{
  ""@context"": ""https://schema.org"",
  ""@type"": ""InsuranceAgency"",
  ""name"": ""My Insurance Buddies - San Diego Car Insurance"",
  ""description"": ""Compare cheap car insurance quotes in San Diego"",
  ""url"": ""https://myinsurancebuddies.com/car-insurance/california/san-diego"",
  ""areaServed"": {""@type"": ""City"", ""name"": ""San Diego"", ""containedInPlace"": {""@type"": ""State"", ""name"": ""California""}}
}","California","CA","San Diego","CITY","92101,92102,92103,92104,92105,92106,92107,92108,92109,92110,92111,92113,92114,92115,92116,92117,92118,92119,92120,92121,92122,92123,92124,92126,92127,92128,92129,92130,92131,92139,92154,92173","1386932","$1523/year","$750/year","$2850/year","$1565/year","3% below","15/30/5","$1980/year","12%","8.5 per 100k","185","#23 in CA","25 minutes","Looking for affordable car insurance in San Diego? San Diego's moderate traffic and lower accident rates compared to LA make it easier to find cheap coverage. The average San Diego driver pays around $1,523 annually for car insurance. With beautiful weather year-round and less congestion than Los Angeles, San Diego offers some of the best car insurance rates in California. Our comparison tool helps you find the lowest rates from 50+ providers.","California requires all drivers to carry minimum liability coverage of 15/30/5. This means $15,000 for bodily injury or death to one person, $30,000 for injury/death to multiple people, and $5,000 for property damage. California is a fault state. While these minimums meet legal requirements, consider higher limits for better protection.","What is the cheapest car insurance in San Diego?","The cheapest car insurance in San Diego typically starts around $750/year for minimum coverage. GEICO and Progressive often offer the lowest rates, with averages around $1,280-$1,350/year for full coverage. However, the cheapest company varies by individual driver profile. Factors affecting your rate include age, driving record, credit score, and exact ZIP code. We recommend getting quotes from at least 5 companies.","How much is car insurance per month in San Diego?","Car insurance in San Diego averages $127/month for full coverage. Minimum liability coverage can be as low as $62/month. Rates vary significantly based on your driving record, age, vehicle type, and coverage level. Paying annually instead of monthly can save you 5-10% on your total premium.","Is car insurance cheaper in San Diego than Los Angeles?","Yes, car insurance is generally cheaper in San Diego than Los Angeles. San Diego drivers pay an average of $1,523/year compared to LA's $1,847/year - a difference of about $324 annually. This is due to San Diego's lower traffic congestion, fewer accidents per capita, and lower vehicle theft rates compared to Los Angeles.","How can I get cheap car insurance in San Diego?","To get cheap car insurance in San Diego: 1) Compare quotes from multiple insurers, 2) Bundle policies for 10-25% savings, 3) Raise your deductible to $1,000, 4) Ask about all discounts, 5) Maintain a clean driving record for the CA Good Driver 20% discount, 6) Consider usage-based insurance if you drive less than 10,000 miles/year, 7) Improve your credit score.","Compare Multiple Quotes","Get quotes from at least 5-7 different insurance companies. Rates can vary by $500+ between companies for the same coverage. Use online comparison tools to save time.","Bundle Your Policies","Combine auto with home or renters insurance for 10-25% savings. This is one of the largest discounts available and makes managing insurance easier.","Ask About Discounts","Many discounts go unclaimed. Ask about: safe driver, good student, low mileage, anti-theft, defensive driving, and occupational discounts. The CA Good Driver discount is 20% mandatory.","Raise Your Deductible","Increase from $500 to $1,000 to save 10-20% on premiums. Make sure you have emergency savings to cover the higher deductible if needed.","Maintain Clean Driving Record","Accidents and tickets increase rates 30-50% for 3-5 years. Drive safely and consider traffic school for minor violations to keep your record clean.","GEICO","$1350/year","Drivers seeking lowest rates and comfortable with online service","State Farm","$1480/year","Drivers who want local agent support and personalized service","Progressive","$1620/year","Drivers with prior accidents or violations seeking savings","Multi-Policy Bundle","10-25%","California Good Driver","20%","Safe Driver","10-20%","Good Student","8-15%","Anti-theft Device","5-10%","/car-insurance/california","California Car Insurance Guide","/car-insurance","Compare All States",true,PUBLISHED,2024-01-15T10:00:00Z,true
